{"cameraMode":{"drawMode":0,"name":"Shaded","section":"Shading Mode"},"sceneLighting":true,"audioPlay":false,"sceneViewState":{"m_AlwaysRefresh":false,"showFog":true,"showSkybox":true,"showFlares":true,"showImageEffects":true,"showParticleSystems":true,"showVisualEffectGraphs":true,"m_FxEnabled":true},"in2DMode":false,"pivot":{"x":1.7400000095367432,"y":1.3049004077911378,"z":1.347848892211914},"rotation":{"x":-0.03421222046017647,"y":0.9025241732597351,"z":-0.4230288565158844,"w":-0.07299119234085083},"size":22.331329345703126,"orthographic":false}